metric,old_hub_closure,amap_selfdrive,delta
P1覆盖景点数,34.0,38.0,4.0
P1旅行时间小时,99.8,107.41,7.609999999999999
P1总小时,232.05,237.66,5.609999999999985
P1里程km,7440.0,7268.6,-171.39999999999964
P1代理成本元,19762.0,22429.8,2667.7999999999993
